"Ticker","Num of Appearances","upvotes","Date","Timestamp"
"GME","8","29385","23/03/2021","15:48:12"
"AMC","1","43","23/03/2021","15:48:11"
"RKT","1","30","23/03/2021","15:48:11"
"YOLO","1","30","23/03/2021","15:48:11"
"RBLX","1","5","23/03/2021","15:48:11"
"DD","1","15","23/03/2021","15:48:11"
"CRSR","1","9","23/03/2021","15:48:11"
"PYPL","1","14","23/03/2021","15:48:12"
"UNFI","1","5","23/03/2021","15:48:12"
"GME","24","58945","23/03/2021","15:49:13"
"AMC","1","43","23/03/2021","15:48:11"
"RKT","1","30","23/03/2021","15:48:11"
"YOLO","1","30","23/03/2021","15:48:11"
"RBLX","1","5","23/03/2021","15:48:11"
"DD","1","15","23/03/2021","15:48:11"
"CRSR","1","9","23/03/2021","15:48:11"
"PYPL","1","14","23/03/2021","15:48:12"
"UNFI","1","5","23/03/2021","15:48:12"
"GME","9","818","23/03/2021","16:39:25"
"AMC","1","45","23/03/2021","16:39:25"
"BIG","1","45","23/03/2021","16:39:25"
"RKT","1","13","23/03/2021","16:39:25"
"RBLX","1","13","23/03/2021","16:39:25"
"VIAC","1","4","23/03/2021","16:39:25"
"YOLO","1","4","23/03/2021","16:39:25"
"DD","1","18","23/03/2021","16:39:25"
"UNFI","1","10","23/03/2021","16:39:25"
"GME","26","1827","23/03/2021","16:40:27"
"AMC","1","45","23/03/2021","16:39:25"
"BIG","1","45","23/03/2021","16:39:25"
"RKT","1","13","23/03/2021","16:39:25"
"RBLX","1","13","23/03/2021","16:39:25"
"VIAC","1","4","23/03/2021","16:39:25"
"YOLO","1","4","23/03/2021","16:39:25"
"DD","1","18","23/03/2021","16:39:25"
"UNFI","1","10","23/03/2021","16:39:25"
"GME","46","23139","23/03/2021","16:41:28"
"AMC","1","45","23/03/2021","16:39:25"
"BIG","1","45","23/03/2021","16:39:25"
"RKT","1","13","23/03/2021","16:39:25"
"RBLX","1","13","23/03/2021","16:39:25"
"VIAC","1","4","23/03/2021","16:39:25"
"YOLO","1","4","23/03/2021","16:39:25"
"DD","1","18","23/03/2021","16:39:25"
"UNFI","1","10","23/03/2021","16:39:25"
"GME","63","47153","23/03/2021","16:42:29"
"AMC","1","45","23/03/2021","16:39:25"
"BIG","1","45","23/03/2021","16:39:25"
"RKT","1","13","23/03/2021","16:39:25"
"RBLX","1","13","23/03/2021","16:39:25"
"VIAC","1","4","23/03/2021","16:39:25"
"YOLO","1","4","23/03/2021","16:39:25"
"DD","1","18","23/03/2021","16:39:25"
"UNFI","1","10","23/03/2021","16:39:25"
"GME","80","73046","23/03/2021","16:43:30"
"AMC","1","45","23/03/2021","16:39:25"
"BIG","1","45","23/03/2021","16:39:25"
"RKT","1","13","23/03/2021","16:39:25"
"RBLX","1","13","23/03/2021","16:39:25"
"VIAC","1","4","23/03/2021","16:39:25"
"YOLO","1","4","23/03/2021","16:39:25"
"DD","1","18","23/03/2021","16:39:25"
"UNFI","1","10","23/03/2021","16:39:25"
"GME","97","101827","23/03/2021","16:44:31"
"AMC","1","45","23/03/2021","16:39:25"
"BIG","1","45","23/03/2021","16:39:25"
"RKT","1","13","23/03/2021","16:39:25"
"RBLX","1","13","23/03/2021","16:39:25"
"VIAC","1","4","23/03/2021","16:39:25"
"YOLO","1","4","23/03/2021","16:39:25"
"DD","1","18","23/03/2021","16:39:25"
"UNFI","1","10","23/03/2021","16:39:25"
"GME","113","162257","23/03/2021","16:45:32"
"AMC","1","45","23/03/2021","16:39:25"
"BIG","1","45","23/03/2021","16:39:25"
"RKT","1","13","23/03/2021","16:39:25"
"RBLX","1","13","23/03/2021","16:39:25"
"VIAC","1","4","23/03/2021","16:39:25"
"YOLO","1","4","23/03/2021","16:39:25"
"DD","1","18","23/03/2021","16:39:25"
"UNFI","1","10","23/03/2021","16:39:25"
"GME","129","224331","23/03/2021","16:46:33"
"AMC","1","45","23/03/2021","16:39:25"
"BIG","1","45","23/03/2021","16:39:25"
"RKT","1","13","23/03/2021","16:39:25"
"RBLX","1","13","23/03/2021","16:39:25"
"VIAC","1","4","23/03/2021","16:39:25"
"YOLO","1","4","23/03/2021","16:39:25"
"DD","1","18","23/03/2021","16:39:25"
"UNFI","1","10","23/03/2021","16:39:25"
"GME","146","292377","23/03/2021","16:47:35"
"AMC","1","45","23/03/2021","16:39:25"
"BIG","1","45","23/03/2021","16:39:25"
"RKT","1","13","23/03/2021","16:39:25"
"RBLX","1","13","23/03/2021","16:39:25"
"VIAC","1","4","23/03/2021","16:39:25"
"YOLO","1","4","23/03/2021","16:39:25"
"DD","1","18","23/03/2021","16:39:25"
"UNFI","1","10","23/03/2021","16:39:25"
"GME","163","361990","23/03/2021","16:48:36"
"AMC","1","45","23/03/2021","16:39:25"
"BIG","1","45","23/03/2021","16:39:25"
"RKT","1","13","23/03/2021","16:39:25"
"RBLX","1","13","23/03/2021","16:39:25"
"VIAC","1","4","23/03/2021","16:39:25"
"YOLO","1","4","23/03/2021","16:39:25"
"DD","1","18","23/03/2021","16:39:25"
"UNFI","1","10","23/03/2021","16:39:25"
"GME","180","433205","23/03/2021","16:49:37"
"AMC","1","45","23/03/2021","16:39:25"
"BIG","1","45","23/03/2021","16:39:25"
"RKT","1","13","23/03/2021","16:39:25"
"RBLX","1","13","23/03/2021","16:39:25"
"VIAC","1","4","23/03/2021","16:39:25"
"YOLO","1","4","23/03/2021","16:39:25"
"DD","1","18","23/03/2021","16:39:25"
"UNFI","1","10","23/03/2021","16:39:25"
"GME","197","505981","23/03/2021","16:50:39"
"AMC","1","45","23/03/2021","16:39:25"
"BIG","1","45","23/03/2021","16:39:25"
"RKT","1","13","23/03/2021","16:39:25"
"RBLX","1","13","23/03/2021","16:39:25"
"VIAC","1","4","23/03/2021","16:39:25"
"YOLO","1","4","23/03/2021","16:39:25"
"DD","1","18","23/03/2021","16:39:25"
"UNFI","1","10","23/03/2021","16:39:25"
"GME","214","580669","23/03/2021","16:51:40"
"AMC","1","45","23/03/2021","16:39:25"
"BIG","1","45","23/03/2021","16:39:25"
"RKT","1","13","23/03/2021","16:39:25"
"RBLX","1","13","23/03/2021","16:39:25"
"VIAC","1","4","23/03/2021","16:39:25"
"YOLO","1","4","23/03/2021","16:39:25"
"DD","1","18","23/03/2021","16:39:25"
"UNFI","1","10","23/03/2021","16:39:25"
"GME","229","656281","23/03/2021","16:52:41"
"AMC","1","45","23/03/2021","16:39:25"
"BIG","1","45","23/03/2021","16:39:25"
"RKT","1","13","23/03/2021","16:39:25"
"RBLX","1","13","23/03/2021","16:39:25"
"VIAC","1","4","23/03/2021","16:39:25"
"YOLO","1","4","23/03/2021","16:39:25"
"DD","1","18","23/03/2021","16:39:25"
"UNFI","1","10","23/03/2021","16:39:25"
"MRO","1","1","23/03/2021","16:52:41"
"GME","245","733807","23/03/2021","16:53:43"
"AMC","1","45","23/03/2021","16:39:25"
"BIG","1","45","23/03/2021","16:39:25"
"RKT","1","13","23/03/2021","16:39:25"
"RBLX","1","13","23/03/2021","16:39:25"
"VIAC","1","4","23/03/2021","16:39:25"
"YOLO","1","4","23/03/2021","16:39:25"
"DD","1","18","23/03/2021","16:39:25"
"UNFI","1","10","23/03/2021","16:39:25"
"MRO","1","1","23/03/2021","16:52:41"
"GME","261","812682","23/03/2021","16:54:44"
"AMC","1","45","23/03/2021","16:39:25"
"BIG","1","45","23/03/2021","16:39:25"
"RKT","1","13","23/03/2021","16:39:25"
"RBLX","1","13","23/03/2021","16:39:25"
"VIAC","1","4","23/03/2021","16:39:25"
"YOLO","1","4","23/03/2021","16:39:25"
"DD","1","18","23/03/2021","16:39:25"
"UNFI","1","10","23/03/2021","16:39:25"
"MRO","1","1","23/03/2021","16:52:41"
"GME","277","893412","23/03/2021","16:55:45"
"AMC","1","45","23/03/2021","16:39:25"
"BIG","1","45","23/03/2021","16:39:25"
"RKT","1","13","23/03/2021","16:39:25"
"RBLX","1","13","23/03/2021","16:39:25"
"VIAC","1","4","23/03/2021","16:39:25"
"YOLO","1","4","23/03/2021","16:39:25"
"DD","1","18","23/03/2021","16:39:25"
"UNFI","1","10","23/03/2021","16:39:25"
"MRO","1","1","23/03/2021","16:52:41"
"GME","293","975122","23/03/2021","16:56:47"
"AMC","1","45","23/03/2021","16:39:25"
"BIG","1","45","23/03/2021","16:39:25"
"RKT","1","13","23/03/2021","16:39:25"
"RBLX","1","13","23/03/2021","16:39:25"
"VIAC","1","4","23/03/2021","16:39:25"
"YOLO","1","4","23/03/2021","16:39:25"
"DD","1","18","23/03/2021","16:39:25"
"UNFI","1","10","23/03/2021","16:39:25"
"MRO","1","1","23/03/2021","16:52:41"
"GME","309","1058512","23/03/2021","16:57:48"
"AMC","1","45","23/03/2021","16:39:25"
"BIG","1","45","23/03/2021","16:39:25"
"RKT","1","13","23/03/2021","16:39:25"
"RBLX","1","13","23/03/2021","16:39:25"
"VIAC","1","4","23/03/2021","16:39:25"
"YOLO","1","4","23/03/2021","16:39:25"
"DD","1","18","23/03/2021","16:39:25"
"UNFI","1","10","23/03/2021","16:39:25"
"MRO","1","1","23/03/2021","16:52:41"
"GME","325","1143646","23/03/2021","16:58:50"
"AMC","1","45","23/03/2021","16:39:25"
"BIG","1","45","23/03/2021","16:39:25"
"RKT","1","13","23/03/2021","16:39:25"
"RBLX","1","13","23/03/2021","16:39:25"
"VIAC","1","4","23/03/2021","16:39:25"
"YOLO","1","4","23/03/2021","16:39:25"
"DD","1","18","23/03/2021","16:39:25"
"UNFI","1","10","23/03/2021","16:39:25"
"MRO","1","1","23/03/2021","16:52:41"
"GME","341","1229908","23/03/2021","16:59:51"
"AMC","1","45","23/03/2021","16:39:25"
"BIG","1","45","23/03/2021","16:39:25"
"RKT","1","13","23/03/2021","16:39:25"
"RBLX","1","13","23/03/2021","16:39:25"
"VIAC","1","4","23/03/2021","16:39:25"
"YOLO","1","4","23/03/2021","16:39:25"
"DD","1","18","23/03/2021","16:39:25"
"UNFI","1","10","23/03/2021","16:39:25"
"MRO","1","1","23/03/2021","16:52:41"
"ET","1","3943","23/03/2021","16:59:51"
"TX","1","3943","23/03/2021","16:59:51"
"GME","359","1325794","23/03/2021","17:00:53"
"AMC","1","45","23/03/2021","16:39:25"
"BIG","1","45","23/03/2021","16:39:25"
"RKT","1","13","23/03/2021","16:39:25"
"RBLX","1","13","23/03/2021","16:39:25"
"VIAC","1","4","23/03/2021","16:39:25"
"YOLO","1","4","23/03/2021","16:39:25"
"DD","1","18","23/03/2021","16:39:25"
"UNFI","1","10","23/03/2021","16:39:25"
"MRO","1","1","23/03/2021","16:52:41"
"ET","1","3943","23/03/2021","16:59:51"
"TX","1","3943","23/03/2021","16:59:51"
"GME","375","1423663","23/03/2021","17:01:54"
"AMC","1","45","23/03/2021","16:39:25"
"BIG","1","45","23/03/2021","16:39:25"
"RKT","1","13","23/03/2021","16:39:25"
"RBLX","1","13","23/03/2021","16:39:25"
"VIAC","1","4","23/03/2021","16:39:25"
"YOLO","1","4","23/03/2021","16:39:25"
"DD","1","18","23/03/2021","16:39:25"
"UNFI","1","10","23/03/2021","16:39:25"
"MRO","1","1","23/03/2021","16:52:41"
"ET","1","3943","23/03/2021","16:59:51"
"TX","1","3943","23/03/2021","16:59:51"
"UI","1","729","23/03/2021","17:01:54"
"GME","393","1523299","23/03/2021","17:02:56"
"AMC","1","45","23/03/2021","16:39:25"
"BIG","1","45","23/03/2021","16:39:25"
"RKT","1","13","23/03/2021","16:39:25"
"RBLX","1","13","23/03/2021","16:39:25"
"VIAC","1","4","23/03/2021","16:39:25"
"YOLO","1","4","23/03/2021","16:39:25"
"DD","1","18","23/03/2021","16:39:25"
"UNFI","1","10","23/03/2021","16:39:25"
"MRO","1","1","23/03/2021","16:52:41"
"ET","1","3943","23/03/2021","16:59:51"
"TX","1","3943","23/03/2021","16:59:51"
"UI","1","729","23/03/2021","17:01:54"
"GME","411","1624697","23/03/2021","17:03:57"
"AMC","1","45","23/03/2021","16:39:25"
"BIG","1","45","23/03/2021","16:39:25"
"RKT","1","13","23/03/2021","16:39:25"
"RBLX","1","13","23/03/2021","16:39:25"
"VIAC","1","4","23/03/2021","16:39:25"
"YOLO","1","4","23/03/2021","16:39:25"
"DD","1","18","23/03/2021","16:39:25"
"UNFI","1","10","23/03/2021","16:39:25"
"MRO","1","1","23/03/2021","16:52:41"
"ET","1","3943","23/03/2021","16:59:51"
"TX","1","3943","23/03/2021","16:59:51"
"UI","1","729","23/03/2021","17:01:54"
"GME","429","1727125","23/03/2021","17:04:59"
"AMC","1","45","23/03/2021","16:39:25"
"BIG","1","45","23/03/2021","16:39:25"
"RKT","1","13","23/03/2021","16:39:25"
"RBLX","1","13","23/03/2021","16:39:25"
"VIAC","1","4","23/03/2021","16:39:25"
"YOLO","1","4","23/03/2021","16:39:25"
"DD","1","18","23/03/2021","16:39:25"
"UNFI","1","10","23/03/2021","16:39:25"
"MRO","1","1","23/03/2021","16:52:41"
"ET","1","3943","23/03/2021","16:59:51"
"TX","1","3943","23/03/2021","16:59:51"
"UI","1","729","23/03/2021","17:01:54"
"GME","446","1829367","23/03/2021","17:06:00"
"AMC","1","45","23/03/2021","16:39:25"
"BIG","1","45","23/03/2021","16:39:25"
"RKT","1","13","23/03/2021","16:39:25"
"RBLX","1","13","23/03/2021","16:39:25"
"VIAC","1","4","23/03/2021","16:39:25"
"YOLO","1","4","23/03/2021","16:39:25"
"DD","1","18","23/03/2021","16:39:25"
"UNFI","1","10","23/03/2021","16:39:25"
"MRO","1","1","23/03/2021","16:52:41"
"ET","1","3943","23/03/2021","16:59:51"
"TX","1","3943","23/03/2021","16:59:51"
"UI","1","729","23/03/2021","17:01:54"
"GME","463","1932787","23/03/2021","17:07:02"
"AMC","1","45","23/03/2021","16:39:25"
"BIG","1","45","23/03/2021","16:39:25"
"RKT","1","13","23/03/2021","16:39:25"
"RBLX","1","13","23/03/2021","16:39:25"
"VIAC","1","4","23/03/2021","16:39:25"
"YOLO","1","4","23/03/2021","16:39:25"
"DD","1","18","23/03/2021","16:39:25"
"UNFI","1","10","23/03/2021","16:39:25"
"MRO","1","1","23/03/2021","16:52:41"
"ET","1","3943","23/03/2021","16:59:51"
"TX","1","3943","23/03/2021","16:59:51"
"UI","1","729","23/03/2021","17:01:54"
"GME","480","2037206","23/03/2021","17:08:03"
"AMC","1","45","23/03/2021","16:39:25"
"BIG","1","45","23/03/2021","16:39:25"
"RKT","1","13","23/03/2021","16:39:25"
"RBLX","1","13","23/03/2021","16:39:25"
"VIAC","1","4","23/03/2021","16:39:25"
"YOLO","1","4","23/03/2021","16:39:25"
"DD","1","18","23/03/2021","16:39:25"
"UNFI","1","10","23/03/2021","16:39:25"
"MRO","1","1","23/03/2021","16:52:41"
"ET","1","3943","23/03/2021","16:59:51"
"TX","1","3943","23/03/2021","16:59:51"
"UI","1","729","23/03/2021","17:01:54"
"GME","495","2135153","23/03/2021","17:09:05"
"AMC","1","45","23/03/2021","16:39:25"
"BIG","1","45","23/03/2021","16:39:25"
"RKT","1","13","23/03/2021","16:39:25"
"RBLX","1","13","23/03/2021","16:39:25"
"VIAC","1","4","23/03/2021","16:39:25"
"YOLO","1","4","23/03/2021","16:39:25"
"DD","1","18","23/03/2021","16:39:25"
"UNFI","1","10","23/03/2021","16:39:25"
"MRO","1","1","23/03/2021","16:52:41"
"ET","1","3943","23/03/2021","16:59:51"
"TX","1","3943","23/03/2021","16:59:51"
"UI","1","729","23/03/2021","17:01:54"
"GME","510","2234281","23/03/2021","17:10:06"
"AMC","1","45","23/03/2021","16:39:25"
"BIG","1","45","23/03/2021","16:39:25"
"RKT","1","13","23/03/2021","16:39:25"
"RBLX","1","13","23/03/2021","16:39:25"
"VIAC","1","4","23/03/2021","16:39:25"
"YOLO","1","4","23/03/2021","16:39:25"
"DD","1","18","23/03/2021","16:39:25"
"UNFI","1","10","23/03/2021","16:39:25"
"MRO","1","1","23/03/2021","16:52:41"
"ET","1","3943","23/03/2021","16:59:51"
"TX","1","3943","23/03/2021","16:59:51"
"UI","1","729","23/03/2021","17:01:54"
"GME","525","2334329","23/03/2021","17:11:07"
"AMC","1","45","23/03/2021","16:39:25"
"BIG","1","45","23/03/2021","16:39:25"
"RKT","1","13","23/03/2021","16:39:25"
"RBLX","1","13","23/03/2021","16:39:25"
"VIAC","1","4","23/03/2021","16:39:25"
"YOLO","1","4","23/03/2021","16:39:25"
"DD","1","18","23/03/2021","16:39:25"
"UNFI","1","10","23/03/2021","16:39:25"
"MRO","1","1","23/03/2021","16:52:41"
"ET","1","3943","23/03/2021","16:59:51"
"TX","1","3943","23/03/2021","16:59:51"
"UI","1","729","23/03/2021","17:01:54"
"GME","543","2431942","23/03/2021","17:12:09"
"AMC","1","45","23/03/2021","16:39:25"
"BIG","1","45","23/03/2021","16:39:25"
"RKT","1","13","23/03/2021","16:39:25"
"RBLX","1","13","23/03/2021","16:39:25"
"VIAC","1","4","23/03/2021","16:39:25"
"YOLO","1","4","23/03/2021","16:39:25"
"DD","1","18","23/03/2021","16:39:25"
"UNFI","1","10","23/03/2021","16:39:25"
"MRO","1","1","23/03/2021","16:52:41"
"ET","1","3943","23/03/2021","16:59:51"
"TX","1","3943","23/03/2021","16:59:51"
"UI","1","729","23/03/2021","17:01:54"
"PLTR","1","27","23/03/2021","17:12:08"
"IT","1","27","23/03/2021","17:12:08"
"SO","1","27","23/03/2021","17:12:08"
"TD","1","27","23/03/2021","17:12:08"
"A","1","27","23/03/2021","17:12:08"
"GME","565","2530591","23/03/2021","17:13:10"
"AMC","1","45","23/03/2021","16:39:25"
"BIG","1","45","23/03/2021","16:39:25"
"RKT","1","13","23/03/2021","16:39:25"
"RBLX","1","13","23/03/2021","16:39:25"
"VIAC","1","4","23/03/2021","16:39:25"
"YOLO","1","4","23/03/2021","16:39:25"
"DD","1","18","23/03/2021","16:39:25"
"UNFI","1","10","23/03/2021","16:39:25"
"MRO","1","1","23/03/2021","16:52:41"
"ET","1","3943","23/03/2021","16:59:51"
"TX","1","3943","23/03/2021","16:59:51"
"UI","1","729","23/03/2021","17:01:54"
"PLTR","1","27","23/03/2021","17:12:08"
"IT","1","27","23/03/2021","17:12:08"
"SO","1","27","23/03/2021","17:12:08"
"TD","1","27","23/03/2021","17:12:08"
"A","1","27","23/03/2021","17:12:08"
"GME","587","2630721","23/03/2021","17:14:11"
"AMC","1","45","23/03/2021","16:39:25"
"BIG","1","45","23/03/2021","16:39:25"
"RKT","1","13","23/03/2021","16:39:25"
"RBLX","1","13","23/03/2021","16:39:25"
"VIAC","1","4","23/03/2021","16:39:25"
"YOLO","1","4","23/03/2021","16:39:25"
"DD","1","18","23/03/2021","16:39:25"
"UNFI","1","10","23/03/2021","16:39:25"
"MRO","1","1","23/03/2021","16:52:41"
"ET","1","3943","23/03/2021","16:59:51"
"TX","1","3943","23/03/2021","16:59:51"
"UI","1","729","23/03/2021","17:01:54"
"PLTR","1","27","23/03/2021","17:12:08"
"IT","1","27","23/03/2021","17:12:08"
"SO","1","27","23/03/2021","17:12:08"
"TD","1","27","23/03/2021","17:12:08"
"A","1","27","23/03/2021","17:12:08"
"GME","609","2731634","23/03/2021","17:15:13"
"AMC","1","45","23/03/2021","16:39:25"
"BIG","1","45","23/03/2021","16:39:25"
"RKT","1","13","23/03/2021","16:39:25"
"RBLX","1","13","23/03/2021","16:39:25"
"VIAC","1","4","23/03/2021","16:39:25"
"YOLO","1","4","23/03/2021","16:39:25"
"DD","1","18","23/03/2021","16:39:25"
"UNFI","1","10","23/03/2021","16:39:25"
"MRO","1","1","23/03/2021","16:52:41"
"ET","1","3943","23/03/2021","16:59:51"
"TX","1","3943","23/03/2021","16:59:51"
"UI","1","729","23/03/2021","17:01:54"
"PLTR","1","27","23/03/2021","17:12:08"
"IT","1","27","23/03/2021","17:12:08"
"SO","1","27","23/03/2021","17:12:08"
"TD","1","27","23/03/2021","17:12:08"
"A","1","27","23/03/2021","17:12:08"
"GME","631","2833768","23/03/2021","17:16:14"
"AMC","1","45","23/03/2021","16:39:25"
"BIG","1","45","23/03/2021","16:39:25"
"RKT","1","13","23/03/2021","16:39:25"
"RBLX","1","13","23/03/2021","16:39:25"
"VIAC","1","4","23/03/2021","16:39:25"
"YOLO","1","4","23/03/2021","16:39:25"
"DD","1","18","23/03/2021","16:39:25"
"UNFI","1","10","23/03/2021","16:39:25"
"MRO","1","1","23/03/2021","16:52:41"
"ET","1","3943","23/03/2021","16:59:51"
"TX","1","3943","23/03/2021","16:59:51"
"UI","1","729","23/03/2021","17:01:54"
"PLTR","1","27","23/03/2021","17:12:08"
"IT","1","27","23/03/2021","17:12:08"
"SO","1","27","23/03/2021","17:12:08"
"TD","1","27","23/03/2021","17:12:08"
"A","1","27","23/03/2021","17:12:08"
"GME","652","2936807","23/03/2021","17:17:15"
"AMC","1","45","23/03/2021","16:39:25"
"BIG","1","45","23/03/2021","16:39:25"
"RKT","1","13","23/03/2021","16:39:25"
"RBLX","1","13","23/03/2021","16:39:25"
"VIAC","1","4","23/03/2021","16:39:25"
"YOLO","1","4","23/03/2021","16:39:25"
"DD","1","18","23/03/2021","16:39:25"
"UNFI","1","10","23/03/2021","16:39:25"
"MRO","1","1","23/03/2021","16:52:41"
"ET","1","3943","23/03/2021","16:59:51"
"TX","1","3943","23/03/2021","16:59:51"
"UI","1","729","23/03/2021","17:01:54"
"PLTR","1","27","23/03/2021","17:12:08"
"IT","1","27","23/03/2021","17:12:08"
"SO","1","27","23/03/2021","17:12:08"
"TD","1","27","23/03/2021","17:12:08"
"A","1","27","23/03/2021","17:12:08"
"GME","673","3040800","23/03/2021","17:18:17"
"AMC","1","45","23/03/2021","16:39:25"
"BIG","1","45","23/03/2021","16:39:25"
"RKT","1","13","23/03/2021","16:39:25"
"RBLX","1","13","23/03/2021","16:39:25"
"VIAC","1","4","23/03/2021","16:39:25"
"YOLO","1","4","23/03/2021","16:39:25"
"DD","1","18","23/03/2021","16:39:25"
"UNFI","1","10","23/03/2021","16:39:25"
"MRO","1","1","23/03/2021","16:52:41"
"ET","1","3943","23/03/2021","16:59:51"
"TX","1","3943","23/03/2021","16:59:51"
"UI","1","729","23/03/2021","17:01:54"
"PLTR","1","27","23/03/2021","17:12:08"
"IT","1","27","23/03/2021","17:12:08"
"SO","1","27","23/03/2021","17:12:08"
"TD","1","27","23/03/2021","17:12:08"
"A","1","27","23/03/2021","17:12:08"
"GME","695","3145919","23/03/2021","17:19:18"
"AMC","1","45","23/03/2021","16:39:25"
"BIG","1","45","23/03/2021","16:39:25"
"RKT","1","13","23/03/2021","16:39:25"
"RBLX","1","13","23/03/2021","16:39:25"
"VIAC","1","4","23/03/2021","16:39:25"
"YOLO","1","4","23/03/2021","16:39:25"
"DD","1","18","23/03/2021","16:39:25"
"UNFI","1","10","23/03/2021","16:39:25"
"MRO","1","1","23/03/2021","16:52:41"
"ET","1","3943","23/03/2021","16:59:51"
"TX","1","3943","23/03/2021","16:59:51"
"UI","1","729","23/03/2021","17:01:54"
"PLTR","1","27","23/03/2021","17:12:08"
"IT","1","27","23/03/2021","17:12:08"
"SO","1","27","23/03/2021","17:12:08"
"TD","1","27","23/03/2021","17:12:08"
"A","1","27","23/03/2021","17:12:08"
"GME","717","3251913","23/03/2021","17:20:20"
"AMC","1","45","23/03/2021","16:39:25"
"BIG","1","45","23/03/2021","16:39:25"
"RKT","1","13","23/03/2021","16:39:25"
"RBLX","1","13","23/03/2021","16:39:25"
"VIAC","1","4","23/03/2021","16:39:25"
"YOLO","1","4","23/03/2021","16:39:25"
"DD","1","18","23/03/2021","16:39:25"
"UNFI","1","10","23/03/2021","16:39:25"
"MRO","1","1","23/03/2021","16:52:41"
"ET","1","3943","23/03/2021","16:59:51"
"TX","1","3943","23/03/2021","16:59:51"
"UI","1","729","23/03/2021","17:01:54"
"PLTR","1","27","23/03/2021","17:12:08"
"IT","1","27","23/03/2021","17:12:08"
"SO","1","27","23/03/2021","17:12:08"
"TD","1","27","23/03/2021","17:12:08"
"A","1","27","23/03/2021","17:12:08"
"GME","739","3358950","23/03/2021","17:21:21"
"AMC","1","45","23/03/2021","16:39:25"
"BIG","1","45","23/03/2021","16:39:25"
"RKT","1","13","23/03/2021","16:39:25"
"RBLX","1","13","23/03/2021","16:39:25"
"VIAC","1","4","23/03/2021","16:39:25"
"YOLO","1","4","23/03/2021","16:39:25"
"DD","1","18","23/03/2021","16:39:25"
"UNFI","1","10","23/03/2021","16:39:25"
"MRO","1","1","23/03/2021","16:52:41"
"ET","1","3943","23/03/2021","16:59:51"
"TX","1","3943","23/03/2021","16:59:51"
"UI","1","729","23/03/2021","17:01:54"
"PLTR","1","27","23/03/2021","17:12:08"
"IT","1","27","23/03/2021","17:12:08"
"SO","1","27","23/03/2021","17:12:08"
"TD","1","27","23/03/2021","17:12:08"
"A","1","27","23/03/2021","17:12:08"
"GME","761","3467030","23/03/2021","17:22:23"
"AMC","1","45","23/03/2021","16:39:25"
"BIG","1","45","23/03/2021","16:39:25"
"RKT","1","13","23/03/2021","16:39:25"
"RBLX","1","13","23/03/2021","16:39:25"
"VIAC","1","4","23/03/2021","16:39:25"
"YOLO","1","4","23/03/2021","16:39:25"
"DD","1","18","23/03/2021","16:39:25"
"UNFI","1","10","23/03/2021","16:39:25"
"MRO","1","1","23/03/2021","16:52:41"
"ET","1","3943","23/03/2021","16:59:51"
"TX","1","3943","23/03/2021","16:59:51"
"UI","1","729","23/03/2021","17:01:54"
"PLTR","1","27","23/03/2021","17:12:08"
"IT","1","27","23/03/2021","17:12:08"
"SO","1","27","23/03/2021","17:12:08"
"TD","1","27","23/03/2021","17:12:08"
"A","1","27","23/03/2021","17:12:08"
"GME","784","3576260","23/03/2021","17:23:24"
"AMC","1","45","23/03/2021","16:39:25"
"BIG","1","45","23/03/2021","16:39:25"
"RKT","1","13","23/03/2021","16:39:25"
"RBLX","1","13","23/03/2021","16:39:25"
"VIAC","1","4","23/03/2021","16:39:25"
"YOLO","1","4","23/03/2021","16:39:25"
"DD","1","18","23/03/2021","16:39:25"
"UNFI","1","10","23/03/2021","16:39:25"
"MRO","1","1","23/03/2021","16:52:41"
"ET","1","3943","23/03/2021","16:59:51"
"TX","1","3943","23/03/2021","16:59:51"
"UI","1","729","23/03/2021","17:01:54"
"PLTR","1","27","23/03/2021","17:12:08"
"IT","1","27","23/03/2021","17:12:08"
"SO","1","27","23/03/2021","17:12:08"
"TD","1","27","23/03/2021","17:12:08"
"A","1","27","23/03/2021","17:12:08"
"GME","807","3686439","23/03/2021","17:24:26"
"AMC","1","45","23/03/2021","16:39:25"
"BIG","1","45","23/03/2021","16:39:25"
"RKT","1","13","23/03/2021","16:39:25"
"RBLX","1","13","23/03/2021","16:39:25"
"VIAC","1","4","23/03/2021","16:39:25"
"YOLO","1","4","23/03/2021","16:39:25"
"DD","1","18","23/03/2021","16:39:25"
"UNFI","1","10","23/03/2021","16:39:25"
"MRO","1","1","23/03/2021","16:52:41"
"ET","1","3943","23/03/2021","16:59:51"
"TX","1","3943","23/03/2021","16:59:51"
"UI","1","729","23/03/2021","17:01:54"
"PLTR","1","27","23/03/2021","17:12:08"
"IT","1","27","23/03/2021","17:12:08"
"SO","1","27","23/03/2021","17:12:08"
"TD","1","27","23/03/2021","17:12:08"
"A","1","27","23/03/2021","17:12:08"
"GME","830","3797307","23/03/2021","17:25:27"
"AMC","1","45","23/03/2021","16:39:25"
"BIG","1","45","23/03/2021","16:39:25"
"RKT","1","13","23/03/2021","16:39:25"
"RBLX","1","13","23/03/2021","16:39:25"
"VIAC","1","4","23/03/2021","16:39:25"
"YOLO","1","4","23/03/2021","16:39:25"
"DD","1","18","23/03/2021","16:39:25"
"UNFI","1","10","23/03/2021","16:39:25"
"MRO","1","1","23/03/2021","16:52:41"
"ET","1","3943","23/03/2021","16:59:51"
"TX","1","3943","23/03/2021","16:59:51"
"UI","1","729","23/03/2021","17:01:54"
"PLTR","1","27","23/03/2021","17:12:08"
"IT","1","27","23/03/2021","17:12:08"
"SO","1","27","23/03/2021","17:12:08"
"TD","1","27","23/03/2021","17:12:08"
"A","1","27","23/03/2021","17:12:08"
